[
  {
    "cpu": [
      {
        "id": "cpu",
        "color": "hsl(106, 70%, 50%)",
        "data": [
          {
            "x": "plane",
            "y": 193
          },
          {
            "x": "helicopter",
            "y": 148
          },
          {
            "x": "boat",
            "y": 49
          },
          {
            "x": "train",
            "y": 0
          },
          {
            "x": "subway",
            "y": 186
          },
          {
            "x": "bus",
            "y": 200
          },
          {
            "x": "car",
            "y": 20
          },
          {
            "x": "moto",
            "y": 132
          },
          {
            "x": "bicycle",
            "y": 83
          },
          {
            "x": "horse",
            "y": 266
          },
          {
            "x": "skateboard",
            "y": 267
          },
          {
            "x": "others",
            "y": 85
          }
        ]
      }
    ]
  },
  {
    "memory": [
      {
        "id": "memory",
        "color": "hsl(106, 70%, 50%)",
        "data": [
          {
            "x": "plane",
            "y": 193
          },
          {
            "x": "helicopter",
            "y": 148
          },
          {
            "x": "boat",
            "y": 49
          },
          {
            "x": "train",
            "y": 0
          },
          {
            "x": "subway",
            "y": 186
          },
          {
            "x": "bus",
            "y": 200
          },
          {
            "x": "car",
            "y": 20
          },
          {
            "x": "moto",
            "y": 132
          },
          {
            "x": "bicycle",
            "y": 83
          },
          {
            "x": "horse",
            "y": 266
          },
          {
            "x": "skateboard",
            "y": 267
          },
          {
            "x": "others",
            "y": 85
          }
        ]
      }
    ]
  },
  {
    "network": [
      {
        "id": "network-out",
        "color": "hsl(106, 70%, 50%)",
        "data": [
          {
            "x": "plane",
            "y": 186
          },
          {
            "x": "helicopter",
            "y": 296
          },
          {
            "x": "boat",
            "y": 94
          },
          {
            "x": "train",
            "y": 21
          },
          {
            "x": "subway",
            "y": 230
          },
          {
            "x": "bus",
            "y": 185
          },
          {
            "x": "car",
            "y": 99
          },
          {
            "x": "moto",
            "y": 256
          },
          {
            "x": "bicycle",
            "y": 203
          },
          {
            "x": "horse",
            "y": 298
          },
          {
            "x": "skateboard",
            "y": 61
          },
          {
            "x": "others",
            "y": 184
          }
        ]
      },
      {
        "id": "network-in",
        "color": "hsl(106, 70%, 50%)",
        "data": [
          {
            "x": "plane",
            "y": 193
          },
          {
            "x": "helicopter",
            "y": 148
          },
          {
            "x": "boat",
            "y": 49
          },
          {
            "x": "train",
            "y": 0
          },
          {
            "x": "subway",
            "y": 186
          },
          {
            "x": "bus",
            "y": 200
          },
          {
            "x": "car",
            "y": 20
          },
          {
            "x": "moto",
            "y": 132
          },
          {
            "x": "bicycle",
            "y": 83
          },
          {
            "x": "horse",
            "y": 266
          },
          {
            "x": "skateboard",
            "y": 267
          },
          {
            "x": "others",
            "y": 85
          }
        ]
      }
    ]
  }
]
