[
  {
    "name": "cluster1",
    "status": "Healthy",
    "provider": "-",
    "nodes": "3",
    "cpu": "0.4/12 core",
    "ram" : "8.1/23.4Gi"
  },
  {
    "name": "cluster2",
    "status": "Healthy",
    "provider": "-",
    "nodes": "3",
    "cpu": "0.5/12core",
    "ram" : "12.3/Gi"
  },
  {
    "name": "AWS-KR-Cluster1",
    "status": "Active",
    "provider": "AWS",
    "nodes": "3",
    "cpu": "0.8/3core",
    "ram" : "5.2/6Gi"
  },
  {
    "name": "cluster4",
    "status": "Active",
    "provider": "-",
    "nodes": "3",
    "cpu": "0.4/12core",
    "ram" : "4.5/15.5Gi"
  }
]
