{
  "basic_info": {
    "name": "cluster1",
    "provider": "-",
    "kubernetes_version": "v1.17.3",
    "status" : "Healthy"
  },

  "project_usage_top5": {
    "cpu": [
      {
        "name": "monitoring",
        "usage": "2%"
      },
      {
        "name": "kube-system",
        "usage": "1%"
      },
      {
        "name": "openmcp",
        "usage": "0.4%"
      },
      {
        "name": "kube-federation-system",
        "usage": "0.1%"
      },
      {
        "name": "metallb-system",
        "usage": "0.1%"
      }
    ],
    "memory": [
      {
        "name": "monitoring",
        "usage": "2563Mi"
      },
      {
        "name": "kube-system",
        "usage": "2041Mi"
      },
      {
        "name": "openmcp",
        "usage": "1257Mi"
      },
      {
        "name": "kube-federation-system",
        "usage": "145Mi"
      },
      {
        "name": "metallb-system",
        "usage": "79Mi"
      }
    ]
  },

  "node_usage_top5": {
    "cpu": [
      {
        "name": "cluster1-master.dev.gmd.life",
        "usage": "5%"
      },
      {
        "name": "cluster1-worker1.dev.gmd.life",
        "usage": "3%"
      },
      {
        "name": "cluster1-worker2.dev.gmd.life",
        "usage": "1%"
      }
    ],
    "memory": [
      {
        "name": "cluster1-worker2.dev.gmd.life",
        "usage": "4736Mi"
      },
      {
        "name": "cluster1-worker1.dev.gmd.life",
        "usage": "4587Mi"
      },
      {
        "name": "cluster1-master.dev.gmd.life",
        "usage": "2832Mi"
      }
    ]
  },

  "cluster_resource_usage": {
    "cpu": {
      "counts": 3,
      "unit": "core",
      "status": [
        { "name": "Used", "value": 0.437 },
        { "name": "Total", "value": 12 }
      ]
    },
    "memory": {
      "counts": 3,
      "unit": "Gi",
      "status": [
        { "name": "Used", "value": 11.87 },
        { "name": "Total", "value": 23.4 }
      ]
    },
    "storage": {
      "counts": 3,
      "unit": "Gi",
      "status": [
        { "name": "Used", "value": 32.5 },
        { "name": "Total", "value": 289.8 }
      ]
    }
  },

  "kubernetes_status": [
    {
      "name": "etcd",
      "status": "Healthy"
    },
    {
      "name": "Controller Manger",
      "status": "Healthy"
    },
    {
      "name": "Scheduler",
      "status": "Healthy"
    },
    {
      "name": "Nodes",
      "status": "Healthy"
    }
  ],
  "events": [
    {
      "project": "ingress-nginx",
      "type": "Normal",
      "reason": "nodeAssigned",
      "object": " service/ingress-nginx",
      "message": "announcing from node cluster1-worker2.dev.gmd.life",
      "time": "2020-10-08T08:39:00Z"
    },
    {
      "project": "openmcp",
      "type": "Normal",
      "reason": "Pulling",
      "object": "pod/cluster-metric-collector-5d4668f687-6c8cz",
      "message": "Pulling image 'openmcp/cluster-metric-collector:v0.0.1'"",
      "time": "2020-10-28T10:05:00Z"
    },
    {
      "project": "openmcp",
      "type": "Normal",
      "reason": "Pulled",
      "object": "pod/cluster-metric-collector-cddd6f6fd-hv7fs",
      "message": "Successfully pulled image 'openmcp/cluster-metric-collector:v0.0.1'",
      "time": "2020-10-28T10:06:00Z"
    },
    {
      "project": "openmcp",
      "type": "Normal",
      "reason": "Created",
      "object": "pod/cluster-metric-collector-cddd6f6fd-hv7fs",
      "message": "Created container cluster-metric-collector",
      "time": "2020-10-28T10:06:00Z"
    },
    {
      "project": "openmcp",
      "type": "Normal",
      "reason": "Started",
      "object": "pod/cluster-metric-collector-cddd6f6fd-hv7fs",
      "message": "Started container cluster-metric-collector",
      "time": "2020-10-28T10:06:00Z"
    },
    {
      "project": "mpr",
      "type": "Normal",
      "reason": "ScalingReplicaSet",
      "object": "deployment/newapp",
      "message": "Scaled up replica set newapp-867fdb8db to 1",
      "time": "2020-10-08T08:39:00Z"
    }
  ]
}
