{
  "basic_info": {
    "name": "mysqld-57ffcdd985-hvx4g",
    "cluster": "cluster2",
    "project  ": "mpr",
    "status": "CrashLoopBackOff",
    "node": "cluster2-worker1.dev.gmd.life",
    "total_restart_count": "13",
    "namespace": "mpr",
    "pod_ip": "10.244.1.139",
    "node_ip": "192.168.0.151",
    "created_time": "2020-11-17T03:03:39Z",
    "resources" : {
      "cpu_min":"130m",
      "cpu_max":"1200m",
      "memory_min":"90Mi",
      "memory_max":"220Mi"
    }
  },
  "containers": [
    {
      "name": "container-n7wyxp",
      "status": "running",
      "restart_count": 13,
      "port": "3306",
      "image": "mysql"
    }
  ],
  "pod_status": [
    {
      "type": "ContainersReady",
      "status": "False",
      "last_update": "2020-11-17T03:15:17Z",
      "reson": "ContainersNotReady",
      "message": "containers with unready status: [container-n7wyxp]"
    },
    {
      "type": "Initialized",
      "status": "True",
      "last_update": "2020-11-17T03:15:17Z",
      "reson": "",
      "message": ""
    },{
      "type": "PodScheduled",
      "status": "True",
      "last_update": "2020-11-17T03:15:17Z",
      "reson": "",
      "message": ""
    },{
      "type": "Ready",
      "status": "False",
      "last_update": "2020-11-17T03:15:17Z",
      "reson": "ContainersNotReady",
      "message": "containers with unready status: [container-n7wyxp]"
    }
  ],
  "physical_resources": {
    "cpu":[
      {
        "cpu":1.3,
        "time":"14:12:00"
      },
      {
        "cpu":1.3,
        "time":"14:13:00"
      },
      {
        "cpu":1.3,
        "time":"14:14:00"
      },
      {
        "cpu":1.4,
        "time":"14:15:00"
      },
      {
        "cpu":1.4,
        "time":"14:16:00"
      },
      {
        "cpu":1.3,
        "time":"14:17:00"
      },
      {
        "cpu":1.3,
        "time":"14:18:00"
      },
      {
        "cpu":1.2,
        "time":"14:19:00"
      },
      {
        "cpu":1.3,
        "time":"14:20:00"
      },
      {
        "cpu":1.3,
        "time":"14:21:00"
      }
    ],
    "memory":[
      {
        "memory":110,
        "time":"14:12:00"
      },
      {
        "memory":110,
        "time":"14:13:00"
      },
      {
        "memory":110,
        "time":"14:14:00"
      },
      {
        "memory":116,
        "time":"14:15:00"
      },
      {
        "memory":108,
        "time":"14:16:00"
      },
      {
        "memory":105,
        "time":"14:17:00"
      },
      {
        "memory":105,
        "time":"14:18:00"
      },
      {
        "memory":110,
        "time":"14:19:00"
      },
      {
        "memory":111,
        "time":"14:20:00"
      },
      {
        "memory":111,
        "time":"14:21:00"
      }
    ],
    "network" : [
      {
        "unit":"Bps",
        "in":5420,
        "out":1731,
        "time":"14:12:00"
      },
      {
        "unit":"Bps",
        "in":5460,
        "out":1852,
        "time":"14:13:00"
      },
      {
        "unit":"Bps",
        "in":5560,
        "out":1895,
        "time":"14:14:00"
      },
      {
        "unit":"Bps",
        "in":5400,
        "out":1905,
        "time":"14:15:00"
      },
      {
        "unit":"Bps",
        "in":5410,
        "out":1685,
        "time":"14:16:00"
      },
      {
        "unit":"Bps",
        "in":5430,
        "out":1781,
        "time":"14:17:00"
      },
      {
        "unit":"Bps",
        "in":5504,
        "out":1689,
        "time":"14:18:00"
      },
      {
        "unit":"Bps",
        "in":5537,
        "out":1908,
        "time":"14:19:00"
      },
      {
        "unit":"Bps",
        "in":5510,
        "out":1890,
        "time":"14:20:00"
      },
      {
        "unit":"Bps",
        "in":5486,
        "out":1875,
        "time":"14:21:00"
      }
    ]
  },
  "events": [
    {
      "status": "Normal",
      "reason":"Scheduled",
      "message" : "Successfully assigned mpr/mysql2-6d44f7b776-dc28j to cluster2-worker1.dev.gmd.life",
      "time" : "2020-11-17T03:16:00Z"
    },
    {
      "status": "Normal",
      "reason":"Pulling",
      "message" : "Pulling image 'mysql'",
      "time" : "2020-11-17T03:16:00Z"
    },
    {
      "status": "Normal",
      "reason":"Pulled",
      "message" : "Successfully pulled image 'mysql'",
      "time" : "2020-11-17T03:17:00Z"
    },
    {
      "status": "Normal",
      "reason":"Created",
      "message" : "Created container container-n7wyxp",
      "time" : "2020-11-17T03:17:00Z"
    },
    {
      "status": "Normal",
      "reason":"Started",
      "message" : "Started container container-n7wyxp",
      "time" : "2020-11-17T03:17:00Z"
    },
    {
      "status": "Warning",
      "reason":"Back-off",
      "message" : "Back-off restarting failed container",
      "time" : "2020-11-17T03:25:00Z"
    }
  ]
}
