{
  "basic_info": {
    "name":"Qwe",
    "project": "pr1",
    "provisioner": "kubernetes.io/aws-ebs",
    "reclaim_policy": "Delete",
    "volume_binding_mode": "Immediate",
    "parameters": {
      "volume_type": "gp2",
      "availabilty_zone": "automatic",
      "encryption": "Disabled",
      "filesystem_type": "ext4"
    }
  },
  "volumes": [
    {
      "name": "vol1",
      "namespace": "Ns1",
      "status": "Pending",
      "mount_status": "/var/run/secrets/kubernetes.io/serviceaccount"
      ,
      "capacity": "10Gi"
    },
    {
      "name": "vol2",
      "namespace": "Ms2",
      "status": "Bound",
      "mount_status": "/var/run/secrets/kubernetes.io/serviceaccount"
      ,
      "capacity": "10Gi"
    },
    {
      "name": "vol3",
      "namespace": "Ns1",
      "status": "Bound",
      "mount_status": "/var/run/secrets/kubernetes.io/serviceaccount"
      ,
      "capacity": "10Gi"
    },
    {
      "name": "vol4",
      "namespace": "Ms2",
      "status": "Pending",
      "mount_status": "/var/run/secrets/kubernetes.io/serviceaccount"
      ,
      "capacity": "10Gi"
    }
  ]
}
