{
  "basic_info": {
    "name": "httpbin",
    "project  ": "webproject",
    "address": "192.168.0.201",
    "namespace": "webproject",
    "created_time": "2020-11-18T09:34:53Z"
  },
  "rules": [
    {
      "domain": "webpage.info",
      "protocol": "http",
      "path": "/v1|/v2",
      "services": "web|web2",
      "port": "8080|8080",
      "secret": "-|-"
    },
    {
      "domain": "webpage.test",
      "protocol": "http",
      "path": "/|/qemu",
      "services": "web3|web4",
      "port": "8090|8090",
      "secret": "-|-"
    }
  ],
  "events": [
    {
      "status": "Normal",
      "reason":"UPDATE",
      "message" : "Ingress webproject/httpbin",
      "time" : "2020-11-18T09:57:00Z"
    },
    {
      "status": "Normal",
      "reason":"UPDATE",
      "message" : "Ingress webproject/httpbin",
      "time" : "2020-11-18T09:55:00Z"
    },
    {
      "status": "Normal",
      "reason":"CREATE",
      "message" : "Ingress webproject/httpbin",
      "time" : "2020-11-18T09:34:00Z"
    }
  ]
}
