[
  {
     
    "res_cpu_price" : "$32.43",
    "res_memory_price" : "$32.43",
    "res_disk_price" : "$32.43",
    "data_trsf_in" : "1 GB/Month",
    "data_trsf_in_price" : "$1.3",
    "data_trsf_out" : "0 GB/Month",
    "data_trsf_out_price" : "$1.3",
    "created_time" : "2021-09-12 16:45:30"
  },
  {
     
    "res_cpu_price" : "$30.23",
    "res_memory_price" : "$30.23",
    "res_disk_price" : "$30.23",
    "data_trsf_in" : "1 GB/Month",
    "data_trsf_in_price" : "$1.1",
    "data_trsf_out" : "0 GB/Month",
    "data_trsf_out_price" : "$1.1",
    "created_time" : "2021-09-13 15:50:23"
  }
]
