[
  {
    "name": "openmcp-analytic-engine-5777b99466-zq4rd",
    "status": "Running",
    "cluster": "cluster1",
    "project": "openmcp",
    "pod_ip": "10.244.1.69",
    "node": "cluster1-worker1.dev.gmd.life",
    "node_ip": "192.168.0.155",
    "cpu" : "3m",
    "memory" : "43Mi",
    "created_time" : "2020-11-06T03:06:19Z"
  },
  {
    "name": "openmcp-apiserver-b84bf5cc7-99zr4",
    "status": "Running",
    "cluster": "cluster1",
    "project": "openmcp",
    "pod_ip": "10.244.0.32",
    "node": "cluster1-worker1.dev.gmd.life",
    "node_ip": "192.168.0.155",
    "cpu" : "0m",
    "memory" : "190Mi",
    "created_time" : "2020-11-06T03:06:19Z"
  },
  {
    "name": "openmcp-migration-c897786bb-ggcwt",
    "status": "Running",
    "cluster": "cluster1",
    "project": "openmcp",
    "pod_ip": "10.244.2.53",
    "node": "cluster1-worker2.dev.gmd.life",
    "node_ip": "192.168.0.153",
    "cpu" : "1m",
    "memory" : "33Mi",
    "created_time" : "2020-11-10T05:02:20Z"
  },
  {
    "name": "controller-6bcfdfd677-t2sfc",
    "status": "Running",
    "cluster": "cluster2",
    "project": "metallb-system",
    "pod_ip": "10.244.2.113",
    "node": "cluster2-worker2.dev.gmd.life",
    "node_ip": "192.168.0.156",
    "cpu" : "1m",
    "memory" : "16Mi",
    "created_time" : "2020-10-05T09:36:00Z"
  },
  {
    "name": "testim-dp-6f5d9876bf-7fwh4",
    "status": "Pending",
    "cluster": "cluster2",
    "project": "testmig",
    "pod_ip": "10.244.1.71",
    "node": "cluster2-worker1.dev.gmd.life",
    "node_ip": "192.168.0.154",
    "cpu" : "0m",
    "memory" : "30Mi",
    "created_time" : "2020-10-05T09:36:00Z"
  },
  {
    "name": "coredns-6955765f44-cmfg2",
    "status": "Running",
    "cluster": "cluster2",
    "project": "kube-system",
    "pod_ip": "10.244.1.18",
    "node": "cluster2-worker1.dev.gmd.life",
    "node_ip": "192.168.0.154",
    "cpu" : "0m",
    "memory" : "30Mi",
    "created_time" : "2020-10-05T19:30:00Z"
  },
  {
    "name": "coredns-6955765f44-kjxnl",
    "status": "Running",
    "cluster": "cluster2",
    "project": "kube-system",
    "pod_ip": "10.244.2.22",
    "node": "cluster2-worker2.dev.gmd.life",
    "node_ip": "192.168.0.156",
    "cpu" : "0m",
    "memory" : "32Mi",
    "created_time" : "2020-10-05T19:30:00Z"
  },
  {
    "name": "test-deployment-86c57db685-smcpf",
    "status": "Running",
    "cluster": "cluster1",
    "project": "testns",
    "pod_ip": "10.244.1.153",
    "node": "cluster1-worker1.dev.gmd.life",
    "node_ip": "192.168.0.155",
    "cpu" : "0m",
    "memory" : "2Mi",
    "created_time" : "2020-10-05T09:36:00Z"
  },
  {
    "name": "test-deployment-86c57db685-h8nh9",
    "status": "Running",
    "cluster": "cluster1",
    "project": "testns",
    "pod_ip": "10.244.1.154",
    "node": "cluster1-worker1.dev.gmd.life",
    "node_ip": "192.168.0.155",
    "cpu" : "0m",
    "memory" : "2Mi",
    "created_time" : "2020-10-05 20:06:58"
  },
  {
    "name": "test-deployment-86c57db685-z22tc",
    "status": "Running",
    "cluster": "cluster1",
    "project": "testns",
    "pod_ip": "10.244.2.138",
    "node": "cluster1-worker2.dev.gmd.life",
    "node_ip": "192.168.0.153",
    "cpu" : "0m",
    "memory" : "2Mi",
    "created_time" : "2020-10-05T09:36:00Z"
  },
  {
    "name": "node-exporter-c94rv",
    "status": "Running",
    "cluster": "cluster1",
    "project": "monitoring",
    "pod_ip": "192.168.0.142",
    "node": "cluster1-master.dev.gmd.life",
    "node_ip": "192.168.0.142",
    "cpu" : "4m",
    "memory" : "19Mi",
    "created_time" : "2020-10-23T02:09:25Z"
  },
  {
    "name": "node-exporter-ngqlb",
    "status": "Running",
    "cluster": "cluster1",
    "project": "monitoring",
    "pod_ip": "192.168.0.153",
    "node": "cluster1-worker2.dev.gmd.life",
    "node_ip": "192.168.0.153",
    "cpu" : "4m",
    "memory" : "20Mi",
    "created_time" : "2020-10-23T02:09:26Z"
  },
  {
    "name": "node-exporter-rf82s",
    "status": "Running",
    "cluster": "cluster1",
    "project": "monitoring",
    "pod_ip": "192.168.0.155",
    "node": "cluster1-worker1.dev.gmd.life",
    "node_ip": "192.168.0.155",
    "cpu" : "4m",
    "memory" : "22Mi",
    "created_time" : "2020-10-23T02:09:27Z"
  },
  {
    "name": "tiller-deploy-5b4685ffbf-sr29s",
    "status": "Running",
    "cluster": "cluster2",
    "project": "kube-system",
    "pod_ip": "10.244.2.114",
    "node": "cluster2-worker2.dev.gmd.life",
    "node_ip": "192.168.0.156",
    "cpu" : "1m",
    "memory" : "10Mi",
    "created_time" : "2020-11-06T03:09:22Z"
  }
]
