[
  {
    "namespace": "webproject",
    "name": "default-token-5hvvh",
    "type": "kubernetes.io/service-account-token",
    "created_time": "2020-11-18T09:31:00Z"
  },
  {
    "namespace": "webproject",
    "name": "ingress-nginx-admission",
    "type": "Opaque",
    "created_time": "2020-11-18T09:31:51Z"
  },
  {
    "namespace": "webproject",
    "name": "ingress-nginx-admission-token-cjd9j",
    "type": "kubernetes.io/service-account-token",
    "created_time": "2020-11-18T09:31:51Z"
  },
  {
    "namespace": "webproject",
    "name": "ingress-nginx-token-nnh2m",
    "type": "kubernetes.io/service-account-token",
    "created_time": "2020-11-18T09:31:51Z"
  }
]
