{
  "basic_info": {
    "name": "mysqld-57ffcdd985-hvx4g",
    "cluster": "cluster2",
    "project  ": "mpr",
    "status": "CrashLoopBackOff",
    "node": "cluster2-worker1.dev.gmd.life",
    "total_restart_count": "13",
    "namespace": "mpr",
    "pod_ip": "10.244.1.139",
    "node_ip": "192.168.0.151",
    "created_time": "2020-11-17T03:03:39Z",
    "resources" : {
      "cpu_min":"130m",
      "cpu_max":"1200m",
      "memory_min":"90Mi",
      "memory_max":"220Mi"
    }
  },
  "containers": [
    {
      "name": "container-n7wyxp",
      "status": "running",
      "restart_count": 13,
      "port": "3306",
      "image": "mysql"
    }
  ],
  "pod_status": [
    {
      "type": "ContainersReady",
      "status": "False",
      "last_update": "2020-11-17T03:15:17Z",
      "reson": "ContainersNotReady",
      "message": "containers with unready status: [container-n7wyxp]"
    },
    {
      "type": "Initialized",
      "status": "True",
      "last_update": "2020-11-17T03:15:17Z",
      "reson": "",
      "message": ""
    },{
      "type": "PodScheduled",
      "status": "True",
      "last_update": "2020-11-17T03:15:17Z",
      "reson": "",
      "message": ""
    },{
      "type": "Ready",
      "status": "False",
      "last_update": "2020-11-17T03:15:17Z",
      "reson": "ContainersNotReady",
      "message": "containers with unready status: [container-n7wyxp]"
    }
  ],
  "physical_resources": {
    "cpu":[
      {
        "cpu":1.0,
        "time":"13:43:00"
      },
      {
        "cpu":1.1,
        "time":"13:44:00"
      },
      {
        "cpu":1.1,
        "time":"13:45:00"
      },
      {
        "cpu":1.2,
        "time":"13:46:00"
      },
      {
        "cpu":1.2,
        "time":"13:47:00"
      },
      {
        "cpu":1.2,
        "time":"13:48:00"
      },
      {
        "cpu":1.3,
        "time":"13:49:00"
      },
      {
        "cpu":1.3,
        "time":"13:50:00"
      },
      {
        "cpu":1.3,
        "time":"13:51:00"
      },
      {
        "cpu":1.2,
        "time":"13:52:00"
      }
    ],
    "memory":[
      {
        "memory":105,
        "time":"13:43:00"
      },
      {
        "memory":108,
        "time":"13:44:00"
      },
      {
        "memory":109,
        "time":"13:45:00"
      },
      {
        "memory":111,
        "time":"13:46:00"
      },
      {
        "memory":112,
        "time":"13:47:00"
      },
      {
        "memory":112,
        "time":"13:48:00"
      },
      {
        "memory":115,
        "time":"13:49:00"
      },
      {
        "memory":116,
        "time":"13:50:00"
      },
      {
        "memory":117,
        "time":"13:51:00"
      },
      {
        "memory":115,
        "time":"13:52:00"
      }
    ],
    "network" : [
      {
        "unit":"Bps",
        "in":5200,
        "out":1701,
        "time":"13:43:00"
      },
      {
        "unit":"Bps",
        "in":5361,
        "out":1705,
        "time":"13:44:00"
      },
      {
        "unit":"Bps",
        "in":5756,
        "out":1992,
        "time":"13:45:00"
      },
      {
        "unit":"Bps",
        "in":5685,
        "out":1985,
        "time":"13:46:00"
      },
      {
        "unit":"Bps",
        "in":5690,
        "out":1899,
        "time":"13:47:00"
      },
      {
        "unit":"Bps",
        "in":5438,
        "out":1886,
        "time":"13:48:00"
      },
      {
        "unit":"Bps",
        "in":5325,
        "out":1865,
        "time":"13:49:00"
      },
      {
        "unit":"Bps",
        "in":5402,
        "out":1900,
        "time":"13:50:00"
      },
      {
        "unit":"Bps",
        "in":5631,
        "out":1950,
        "time":"13:51:00"
      },
      {
        "unit":"Bps",
        "in":5352,
        "out":1920,
        "time":"13:52:00"
      }
    ]
  },
  "events": [
    {
      "status": "Normal",
      "reason":"Scheduled",
      "message" : "Successfully assigned mpr/mysql2-6d44f7b776-dc28j to cluster2-worker1.dev.gmd.life",
      "time" : "2020-11-17T03:16:00Z"
    },
    {
      "status": "Normal",
      "reason":"Pulling",
      "message" : "Pulling image 'mysql'",
      "time" : "2020-11-17T03:16:00Z"
    },
    {
      "status": "Normal",
      "reason":"Pulled",
      "message" : "Successfully pulled image 'mysql'",
      "time" : "2020-11-17T03:17:00Z"
    },
    {
      "status": "Normal",
      "reason":"Created",
      "message" : "Created container container-n7wyxp",
      "time" : "2020-11-17T03:17:00Z"
    },
    {
      "status": "Normal",
      "reason":"Started",
      "message" : "Started container container-n7wyxp",
      "time" : "2020-11-17T03:17:00Z"
    },
    {
      "status": "Warning",
      "reason":"Back-off",
      "message" : "Back-off restarting failed container",
      "time" : "2020-11-17T03:25:00Z"
    }
  ]
}
