[
  {
    "name": "cluster1",
    "region": "KR",
    "zone": "Seoul",
    "status": "Healthy",
    "provider": "-",
    "nodes": 2,
    "cpu": "52.2/72 Core",
    "ram": "101.4/197.3 Gi",
    "disk": "4.1%",
    "network": "24.1 byte/s"
  },
  {
    "name": "cluster2",
    "region": "KR",
    "zone": "Gyeonggi-do",
    "status": "Healthy",
    "provider": "-",
    "nodes": 2,
    "cpu": "3.1/80 Core",
    "ram": "28.4/263.4 Gi",
    "disk": "3.3%",
    "network": "16.3 byte/s"
  },
  {
    "name": "cluster3",
    "region": "KR",
    "zone": "Gyeonggi-do",
    "status": "Healthy",
    "provider": "-",
    "nodes": 1,
    "cpu": "0.6/8 Core",
    "ram": "5.3/8.2 Gi",
    "disk": "72.3%",
    "network": "12.5 byte/s"
  },
  {
    "name": "eks-cluster1",
    "region": "eu-west-2",
    "zone": "eu-west-2a",
    "status": "Healthy",
    "provider": "-",
    "nodes": 3,
    "cpu": "4.6/6 Core",
    "ram": "19.3/24.2 Gi",
    "disk": "7.5%",
    "network": "27.3 byte/s"
  },
  {
    "name": "gke-cluster1",
    "region": "us-central1",
    "zone": "us-central1-c",
    "status": "Healthy",
    "provider": "-",
    "nodes": 2,
    "cpu": "5.1/8 Core",
    "ram": "22.9/30.7 Gi",
    "disk": "7.3%",
    "network": "23.1 byte/s"
  }
]
