[
  {
    "name": "cluster1",
    "region": "KR",
    "zone": "Seoul",
    "status": "Healthy",
    "provider": "-",
    "nodes": 2,
    "cpu": "1.0/72 Core",
    "ram": "41.3/197.3 Gi",
    "disk": "4.1%",
    "network": "8.3 byte/s"
  },
  {
    "name": "cluster2",
    "region": "KR",
    "zone": "Gyeonggi-do",
    "status": "Healthy",
    "provider": "-",
    "nodes": 2,
    "cpu": "1.8/80 Core",
    "ram": "25.1/263.4 Gi",
    "disk": "3.3%",
    "network": "6.2 byte/s"
  },
  {
    "name": "cluster3",
    "region": "KR",
    "zone": "Gyeonggi-do",
    "status": "Healthy",
    "provider": "-",
    "nodes": 1,
    "cpu": "0.4/8 Core",
    "ram": "5.1/8.2 Gi",
    "disk": "72.3%",
    "network": "0.2 byte/s"
  },
  {
    "name": "eks-cluster1",
    "region": "eu-west-2",
    "zone": "eu-west-2a",
    "status": "Healthy",
    "provider": "-",
    "nodes": 3,
    "cpu": "0.5/4 Core",
    "ram": "9/16.1 Gi",
    "disk": "7.1%",
    "network": "0.0 byte/s"
  },
  {
    "name": "gke-cluster1",
    "region": "us-central1",
    "zone": "us-central1-c",
    "status": "Healthy",
    "provider": "-",
    "nodes": 2,
    "cpu": "0.7/8 Core",
    "ram": "14.6/30.7 Gi",
    "disk": "7.3%",
    "network": "0.3 byte/s"
  }
]
