[
  {
    "name": "cluster1",
    "region": "KR",
    "zone": "Seoul",
    "status": "Healthy",
    "provider": "-",
    "nodes": 2,
    "cpu": "55.1/72 Core",
    "ram": "148.1/197.3 Gi",
    "disk": "4.1%",
    "network": "47.5 byte/s"
  },
  {
    "name": "cluster2",
    "region": "KR",
    "zone": "Gyeonggi-do",
    "status": "Healthy",
    "provider": "-",
    "nodes": 2,
    "cpu": "2.0/80 Core",
    "ram": "25.4/263.4 Gi",
    "disk": "3.3%",
    "network": "7.7 byte/s"
  },
  {
    "name": "cluster3",
    "region": "KR",
    "zone": "Gyeonggi-do",
    "status": "Healthy",
    "provider": "-",
    "nodes": 1,
    "cpu": "0.6/8 Core",
    "ram": "5.2/8.2 Gi",
    "disk": "72.3%",
    "network": "6.4 byte/s"
  },
  {
    "name": "eks-cluster1",
    "region": "eu-west-2",
    "zone": "eu-west-2a",
    "status": "Healthy",
    "provider": "-",
    "nodes": 3,
    "cpu": "4.3/6 Core",
    "ram": "18.0/24.2 Gi",
    "disk": "7.5%",
    "network": "20.3 byte/s"
  },
  {
    "name": "gke-cluster1",
    "region": "us-central1",
    "zone": "us-central1-c",
    "status": "Healthy",
    "provider": "-",
    "nodes": 2,
    "cpu": "4.7/8 Core",
    "ram": "20.9/30.7 Gi",
    "disk": "7.3%",
    "network": "16.3 byte/s"
  }
]
