{
  "basic_info": {
    "name": "prometheus-server-lb",
    "namespace": "monitoring",
    "type": "LoadBalancer",
    "selector" : "app=prometheus|prometheus=k8s",
    "access_type" : "Cluster IP",
    "session_affinity": "None",
    "cluster_ip" : "10.104.44.8",
    "external_ip" : "192.168.0.205:9090",
    "endpoints": "10.244.1.76:9090,10.244.2.54:9090",
    "created_time" : "2020-10-23T09:25:23Z"
  },
  "workloads": [],
  "pods": [
    {
      "name": "prometheus-k8s-1",
      "cluster": "cluster1",
      "nodes": "cluster1-worker1.dev.gmd.life",
      "pod_ip": "10.244.1.76",
      "cpu": "7m",
      "memory": "433Mi"
    },
    {
      "name": "prometheus-k8s-0",
      "cluster": "cluster1",
      "nodes": "cluster1-worker2.dev.gmd.life",
      "pod_ip": "10.244.2.54",
      "cpu": "7m",
      "memory": "424Mi"
    }
  ],
  "events": [
    {
      "status": "Normal",
      "reason":"nodeAssigned",
      "from": "metallb-speaker",
      "message" : "announcing from node 'cluster1-worker1.dev.gmd.life'",
      "time" : "2020-10-23T09:25:00Z"
    },
    {
      "status": "Normal",
      "reason":"nodeAssigned",
      "from": "metallb-speaker",
      "message" : "announcing from node 'cluster1-worker2.dev.gmd.life'",
      "time" : "2020-10-23T09:25:00Z"
    }
  ]
}
