[
  {
    "name": "1606998101-cluster1-Service-iot-gateway-svc",
    "created_time": "2020-12-03KST21:21:41",
    "control": "Edit"
  },
  {
    "name": "1606998280-cluster1-Deployment-iot-gateway",
    "created_time": "2020-12-03KST21:21:41",
    "control": "Edit"
  },
  {
    "name": "1606998280-cluster1-Service-iot-gateway-svc",
    "created_time": "2020-12-03KST21:24:40",
    "control": "Edit"
  },
  {
    "name": "1606998422-cluster1-Deployment-iot-gateway",
    "created_time": "2020-12-03KST21:24:40",
    "control": "Edit"
  },
  {
    "name": "1606998422-cluster1-Service-iot-gateway-svc",
    "created_time": "2020-12-03KST21:27:02",
    "control": "Edit"
  },
  {
    "name": "1606998101-cluster1-Deployment-iot-gateway",
    "created_time": "2020-12-03KST21:27:02",
    "control": "Edit"
  }
]
