{
  "basic_info": {
    "name": "pod1",
    "cluster": "cluster2",
    "project  ": "pr1",
    "status": "Running",
    "node": "kube.gmd.life",
    "total_restart_count": "590",
    "namespace": "pr1-space",
    "pod_ip": "192.168.135.150",
    "node_ip": "192.168.0.108",
    "created_time": "2020/07/16 19:20:58",
    "resources" : {
      "cpu_min":1,
      "cpu_max":5,
      "memory_min":2000,
      "memory_max":8000
    }
  },
  "containers": [
    {
      "name": "hello-c-1-96d766647-wwh6w|init container",
      "status": "Running",
      "restart_count": 586,
      "port": "8888/TCP",
      "image": "docker-pullable://hello-world"
    },
    {
      "name": "hello-c-1-96d766647-wwh6w|init container",
      "status": "Terminated",
      "restart_count": 0,
      "port": "",
      "image": ""
    },
    {
      "name": "hello-c-1-96d766647-wwh6w",
      "status": "Terminated",
      "restart_count": 0,
      "port": "",
      "image": ""
    }
  ],
  "pod_status": [
    {
      "type": "ContainersReady",
      "status": "False",
      "last_update": "6:21 PM",
      "reson": "ContainersNotReady",
      "message": "containers with unready|status:[container-og1gn6]"
    },
    {
      "type": "Initialized",
      "status": "True",
      "last_update": "6:21 PM",
      "reson": "",
      "message": "containers with unready|status:[container-og1gn6]"
    },{
      "type": "PodScheduled",
      "status": "True",
      "last_update": "6:21 PM",
      "reson": "",
      "message": "containers with unready|status:[container-og1gn6]"
    },{
      "type": "Ready",
      "status": "False",
      "last_update": "6:21 PM",
      "reson": "ContainersNotReady",
      "message": "containers with unready|status:[container-og1gn6]"
    }
  ],
  "physical_resources": {
    "cpu":[
      {
        "cpu":6.1,
        "time":"12:01:45"
      },
      {
        "cpu":6.2,
        "time":"12:02:45"
      },
      {
        "cpu":6.5,
        "time":"12:03:45"
      },
      {
        "cpu":6.5,
        "time":"12:04:45"
      },
      {
        "cpu":7.2,
        "time":"12:05:45"
      },
      {
        "cpu":8.5,
        "time":"12:06:45"
      },
      {
        "cpu":10.1,
        "time":"12:07:45"
      },
      {
        "cpu":16.2,
        "time":"12:08:45"
      },
      {
        "cpu":17.2,
        "time":"12:09:45"
      },
      {
        "cpu":18.2,
        "time":"12:10:45"
      }
    ],
    "memory":[
      {
        "memory":386.2,
        "time":"12:01:45"
      },
      {
        "memory":386.2,
        "time":"12:02:45"
      },
      {
        "memory":386.2,
        "time":"12:03:45"
      },
      {
        "memory":386.2,
        "time":"12:04:45"
      },
      {
        "memory":386.2,
        "time":"12:05:45"
      },
      {
        "memory":386.2,
        "time":"12:06:45"
      },
      {
        "memory":386.2,
        "time":"12:07:45"
      },
      {
        "memory":386.2,
        "time":"12:08:45"
      },
      {
        "memory":386.2,
        "time":"12:09:45"
      },
      {
        "memory":386.2,
        "time":"12:10:45"
      }
    ],
    "network" : [
      {
        "unit":"Bps",
        "in":12.66,
        "out":24.76,
        "time":"12:01:45"
      },
      {
        "unit":"Bps",
        "in":34.66,
        "out":20.76,
        "time":"12:01:45"
      },
      {
        "unit":"Bps",
        "in":78.66,
        "out":50.76,
        "time":"12:01:45"
      },
      {
        "unit":"Bps",
        "in":65.66,
        "out":60.76,
        "time":"12:01:45"
      },
      {
        "unit":"Bps",
        "in":63.66,
        "out":60.76,
        "time":"12:01:45"
      },
      {
        "unit":"Bps",
        "in":11.66,
        "out":30.76,
        "time":"12:01:45"
      },
      {
        "unit":"Bps",
        "in":35.66,
        "out":45.76,
        "time":"12:01:45"
      },
      {
        "unit":"Bps",
        "in":34.66,
        "out":76.76,
        "time":"12:01:45"
      },
      {
        "unit":"Bps",
        "in":42.66,
        "out":34.76,
        "time":"12:01:45"
      },
      {
        "unit":"Bps",
        "in":32.66,
        "out":40.76,
        "time":"12:01:45"
      },
      {
        "unit":"Bps",
        "in":21.66,
        "out":53.76,
        "time":"12:01:45"
      }
    ]
  },
  "events": [
    {
      "status": "Warning",
      "reason":"Back-off",
      "message" : "Back-off restarting failed container",
      "time" : "2020/11/03 12:18:45"
    },
    {
      "status": "Warning",
      "reason":"Back-off",
      "message" : "Back-off restarting failed container",
      "time" : "2020/11/03 12:18:45"
    },
    {
      "status": "Warning",
      "reason":"Back-off",
      "message" : "Back-off restarting failed container",
      "time" : "2020/11/03 12:18:45"
    },
    {
      "status": "Warning",
      "reason":"Back-off",
      "message" : "Back-off restarting failed container",
      "time" : "2020/11/03 12:18:45"
    },
    {
      "status": "Warning",
      "reason":"Back-off",
      "message" : "Back-off restarting failed container",
      "time" : "2020/11/03 12:18:45"
    },
    {
      "status": "Warning",
      "reason":"Back-off",
      "message" : "Back-off restarting failed container",
      "time" : "2020/11/03 12:18:45"
    },
    {
      "status": "Warning",
      "reason":"Back-off",
      "message" : "Back-off restarting failed container",
      "time" : "2020/11/03 12:18:45"
    },
    {
      "status": "Warning",
      "reason":"Back-off",
      "message" : "Back-off restarting failed container",
      "time" : "2020/11/03 12:18:45"
    },
    {
      "status": "Warning",
      "reason":"Back-off",
      "message" : "Back-off restarting failed container",
      "time" : "2020/11/03 12:18:45"
    }
  ]
}
