{
  "request_time": "2020-10-27 10:13:55",
  "clusters": {
    "counts": 3,
    "status": [
      { "name": "healthy", "value": 10 },
      { "name": "partially healthy", "value": 5 },
      { "name": "converging", "value": 5 },
      { "name": "unhealthy", "value": 1 }
    ]
  },
  "nodes": {
    "counts": 3,
    "status": [
      { "name": "healthy", "value": 40 },
      { "name": "unknown", "value": 0 },
      { "name": "converging", "value": 10 },
      { "name": "unhealthy", "value": 50 }
    ]
  },
  "pods": {
    "counts": 3,
    "status": [
      { "name": "running", "value": 40 },
      { "name": "pending", "value": 0 },
      { "name": "unknown", "value": 0 },
      { "name": "failed", "value": 10 }
    ]
  },
  "projects": {
    "counts": 12,
    "status": [
      { "name": "healthy", "value": 100 },
      { "name": "unhealthy", "value": 20 }
    ]
  },
  "resources": {
    "cpu": {
      "status": [
        { "name": "cpu", "value": 50 }
      ],
      "time" : "2020-10-27 10:13:55" ,
      "unit" : "m" 
    },
    "memory": {
      "status": [
        { "name": "memory", "value": 35.2 }
      ],
      "time" : "2020-10-27 10:13:55" ,
      "unit" : "gi" 
    },
    "storage": {
      "status": [
        { "name": "storage", "value": 100 }
      ],
      "time" : "2020-10-27 10:13:55" ,
      "unit" : "gi" 
    }
  }
}
