[
  {
    "namespace": "Ns1",
    "name": "configMap1",
    "keys": "Release",
    "created_time": "2020-08-05 15:56:17"
  },
  {
    "namespace": "Ns2",
    "name": "configMap2",
    "keys": "Dashvoards.yaml, ngixf.conf",
    "created_time": "2020-08-05 15:56:17"
  },
  {
    "namespace": "Ns3",
    "name": "configMap3",
    "keys": "Dashvoards.yaml, ngixf.conf",
    "created_time": "2020-08-05 15:56:17"
  },
  {
    "namespace": "Ns4",
    "name": "configMap4",
    "keys": "Dashvoards.yaml, ngixf.conf",
    "created_time": "2020-08-05 15:56:17"
  },
  {
    "namespace": "Ns5",
    "name": "configMap5",
    "keys": "Dashvoards.yaml, ngixf.conf",
    "created_time": "2020-08-05 15:56:17"
  },
  {
    "namespace": "Ns6",
    "name": "configMap6",
    "keys": "Dashvoards.yaml, ngixf.conf",
    "created_time": "2020-08-05 15:56:17"
  },
  {
    "namespace": "Ns7",
    "name": "configMap7",
    "keys": "Dashvoards.yaml, ngixf.conf",
    "created_time": "2020-08-05 15:56:17"
  }
]
