[
  {
    "namespace": "Ns1",
    "name": "secret1",
    "type": "ClusterIP",
    "created_time": "2020-08-05 15:56:17"
  },
  {
    "namespace": "Ns2",
    "name": "secret2",
    "type": "ClusterIP",
    "created_time": "2020-08-05 15:56:17"
  },
  {
    "namespace": "Ns3",
    "name": "secret3",
    "type": "ClusterIP",
    "created_time": "2020-08-05 15:56:17"
  },
  {
    "namespace": "Ns4",
    "name": "secret4",
    "type": "ClusterIP",
    "created_time": "2020-08-05 15:56:17"
  },
  {
    "namespace": "Ns5",
    "name": "secret5",
    "type": "ClusterIP",
    "created_time": "2020-08-05 15:56:17"
  },
  {
    "namespace": "Ns6",
    "name": "secret6",
    "type": "ClusterIP",
    "created_time": "2020-08-05 15:56:17"
  },
  {
    "namespace": "Ns7",
    "name": "secret7",
    "type": "ClusterIP",
    "created_time": "2020-08-05 15:56:17"
  }
]
