{
  "basic_info": {
    "name" : "api-key",
    "project": "pr1",
    "namespace": "pr1-space",
    "created_time" : "2020-07-16 19:20:58"
  },
  "data": [
    {
      "key": "a",
      "value": "cluster1"
    },
    {
      "key": "a",
      "value": "cluster1"
    },
    {
      "key": "a",
      "value": "cluster1"
    },
    {
      "key": "a",
      "value": "cluster1"
    },
    {
      "key": "a",
      "value": "cluster1"
    },
    {
      "key": "a",
      "value": "cluster1"
    },
    {
      "key": "a",
      "value": "cluster1"
    }
  ]
}
