{
  "basic_info": {
    "name": "ingress1",
    "project  ": "pr1",
    "address": "192.168.135.150",
    "namespace": "pr1-space",
    "created_time": "2020-07-16 19:20:58"
  },
  "rules": [
    {
      "domain": "xxx.ai.com",
      "protocol": "http",
      "path": "/foo|/bar",
      "services": "service1|service1",
      "port": "8888|7777",
      "secret": "-|-"
    },
    {
      "domain": "bbb.ai.com",
      "protocol": "https",
      "path": "/baz",
      "services": "service2",
      "port": "9999",
      "secret": "Default-token-chfiq"
    }
  ],
  "events": [
    {
      "status": "Warning",
      "reason":"Back-off",
      "message" : "Back-off restarting failed container",
      "time" : "2020-11-03 12:18:45"
    },
    {
      "status": "Warning",
      "reason":"Back-off",
      "message" : "Back-off restarting failed container",
      "time" : "2020-11-03 12:18:45"
    },
    {
      "status": "Warning",
      "reason":"Back-off",
      "message" : "Back-off restarting failed container",
      "time" : "2020-11-03 12:18:45"
    },
    {
      "status": "Warning",
      "reason":"Back-off",
      "message" : "Back-off restarting failed container",
      "time" : "2020-11-03 12:18:45"
    },
    {
      "status": "Warning",
      "reason":"Back-off",
      "message" : "Back-off restarting failed container",
      "time" : "2020-11-03 12:18:45"
    },
    {
      "status": "Warning",
      "reason":"Back-off",
      "message" : "Back-off restarting failed container",
      "time" : "2020-11-03 12:18:45"
    },
    {
      "status": "Warning",
      "reason":"Back-off",
      "message" : "Back-off restarting failed container",
      "time" : "2020-11-03 12:18:45"
    },
    {
      "status": "Warning",
      "reason":"Back-off",
      "message" : "Back-off restarting failed container",
      "time" : "2020-11-03 12:18:45"
    },
    {
      "status": "Warning",
      "reason":"Back-off",
      "message" : "Back-off restarting failed container",
      "time" : "2020-11-03 12:18:45"
    }
  ]
}
