{
  "basic_info": {
    "name": "project1",
    "creator": "admin",
    "description": "project1 namespace"
  },

  "project_resource": [
    {
      "resource": "Pods",
      "total": 12,
      "abnormal": 5
    },
    {
      "resource": "Deployments",
      "total": 5,
      "abnormal": 0
    },
    {
      "resource": "StatefulSets",
      "total": 2,
      "abnormal": 2
    },
    {
      "resource": "DaemonSets",
      "total": 1,
      "abnormal": 0
    },
    {
      "resource": "Jobs",
      "total": 1,
      "abnormal": 0
    }    
  ],

  "usage_top5": {
    "cpu": [
      {
        "name": "cattle-cluster-agent",
        "type": "Deployment",
        "usage": "3m"
      },
      {
        "name": "cattle-node-agent",
        "type": "DaemonSet",
        "usage": "2m"
      },
      {
        "name": "openldap",
        "type": "StatefulSet",
        "usage": "1m"
      },
      {
        "name": "cattle-node-agent",
        "type": "DaemonSet",
        "usage": "2m"
      },
      {
        "name": "openldap",
        "type": "StatefulSet",
        "usage": "10m"
      }
    ],
    "memory": [
      {
        "name": "ram-cattle-cluster-agent",
        "type": "Deployment",
        "usage": "3m"
      },
      {
        "name": "ram-cattle-node-agent",
        "type": "DaemonSet",
        "usage": "2m"
      },
      {
        "name": "ram-openldap",
        "type": "StatefulSet",
        "usage": "1m"
      },
      {
        "name": "ram-cattle-node-agent",
        "type": "DaemonSet",
        "usage": "2m"
      },
      {
        "name": "ram-openldap",
        "type": "StatefulSet",
        "usage": "11m"
      }
    ]
  },

  "physical_resources": {
    "cpu":[
      {
        "cpu":6.1,
        "time":"12:01:45"
      },
      {
        "cpu":6.2,
        "time":"12:02:45"
      },
      {
        "cpu":6.5,
        "time":"12:03:45"
      },
      {
        "cpu":6.5,
        "time":"12:04:45"
      },
      {
        "cpu":7.2,
        "time":"12:05:45"
      },
      {
        "cpu":8.5,
        "time":"12:06:45"
      },
      {
        "cpu":10.1,
        "time":"12:07:45"
      },
      {
        "cpu":16.2,
        "time":"12:08:45"
      },
      {
        "cpu":17.2,
        "time":"12:09:45"
      },
      {
        "cpu":18.2,
        "time":"12:10:45"
      }
    ],
    "memory":[
      {
        "memory":386.2,
        "time":"12:01:45"
      },
      {
        "memory":386.2,
        "time":"12:02:45"
      },
      {
        "memory":386.2,
        "time":"12:03:45"
      },
      {
        "memory":386.2,
        "time":"12:04:45"
      },
      {
        "memory":386.2,
        "time":"12:05:45"
      },
      {
        "memory":386.2,
        "time":"12:06:45"
      },
      {
        "memory":386.2,
        "time":"12:07:45"
      },
      {
        "memory":386.2,
        "time":"12:08:45"
      },
      {
        "memory":386.2,
        "time":"12:09:45"
      },
      {
        "memory":386.2,
        "time":"12:10:45"
      }
    ],
    "network" : [
      {
        "unit":"Bps",
        "in":12.66,
        "out":24.76,
        "time":"12:01:45"
      },
      {
        "unit":"Bps",
        "in":34.66,
        "out":20.76,
        "time":"12:01:45"
      },
      {
        "unit":"Bps",
        "in":78.66,
        "out":50.76,
        "time":"12:01:45"
      },
      {
        "unit":"Bps",
        "in":65.66,
        "out":60.76,
        "time":"12:01:45"
      },
      {
        "unit":"Bps",
        "in":63.66,
        "out":60.76,
        "time":"12:01:45"
      },
      {
        "unit":"Bps",
        "in":11.66,
        "out":30.76,
        "time":"12:01:45"
      },
      {
        "unit":"Bps",
        "in":35.66,
        "out":45.76,
        "time":"12:01:45"
      },
      {
        "unit":"Bps",
        "in":34.66,
        "out":76.76,
        "time":"12:01:45"
      },
      {
        "unit":"Bps",
        "in":42.66,
        "out":34.76,
        "time":"12:01:45"
      },
      {
        "unit":"Bps",
        "in":32.66,
        "out":40.76,
        "time":"12:01:45"
      },
      {
        "unit":"Bps",
        "in":21.66,
        "out":53.76,
        "time":"12:01:45"
      }
    ]
  }
}
