{
  "basic_info": {
    "name" : "secret1",
    "project": "pr1",
    "type" : "TLS",
    "namespace": "pr1-space",
    "created_time" : "2020-07-16 19:20:58"
  },
  "mounted_by": [
    {
      "name": "a",
      "cluster": "cluster1",
      "node": "worker1",
      "pod_ip": "10.244.0.29",
      "cpu": "5m",
      "memory": "18.67MiB"
    },
    {
      "name": "b",
      "cluster": "cluster2",
      "node": "worker2",
      "pod_ip": "10.244.0.29",
      "cpu": "4m",
      "memory": "18.67MiB"
    },
    {
      "name": "c",
      "cluster": "cluster3",
      "node": "worker3",
      "pod_ip": "10.244.0.29",
      "cpu": "3m",
      "memory": "18.67MiB"
    }
  ],
  "events": [
    {
      "status": "Warning",
      "reason":"Back-off",
      "message" : "Back-off restarting failed container",
      "time" : "2020-11-03 12:18:45"
    },
    {
      "status": "Warning",
      "reason":"Back-off",
      "message" : "Back-off restarting failed container",
      "time" : "2020-11-03 12:18:45"
    },
    {
      "status": "Warning",
      "reason":"Back-off",
      "message" : "Back-off restarting failed container",
      "time" : "2020-11-03 12:18:45"
    },
    {
      "status": "Warning",
      "reason":"Back-off",
      "message" : "Back-off restarting failed container",
      "time" : "2020-11-03 12:18:45"
    },
    {
      "status": "Warning",
      "reason":"Back-off",
      "message" : "Back-off restarting failed container",
      "time" : "2020-11-03 12:18:45"
    },
    {
      "status": "Warning",
      "reason":"Back-off",
      "message" : "Back-off restarting failed container",
      "time" : "2020-11-03 12:18:45"
    },
    {
      "status": "Warning",
      "reason":"Back-off",
      "message" : "Back-off restarting failed container",
      "time" : "2020-11-03 12:18:45"
    },
    {
      "status": "Warning",
      "reason":"Back-off",
      "message" : "Back-off restarting failed container",
      "time" : "2020-11-03 12:18:45"
    },
    {
      "status": "Warning",
      "reason":"Back-off",
      "message" : "Back-off restarting failed container",
      "time" : "2020-11-03 12:18:45"
    }
  ]
}
