[
  {
    "name": "deployment1",
    "status": "Running",
    "image": "Hello-world",
    "updated_time": "2020-07-16 21:45:36",
    "cluster": "cluster1"
  },
  {
    "name": "deployment2",
    "status": "Updating",
    "image": "Hello-world2",
    "updated_time": "2020-07-16 21:45:36",
    "cluster": "cluster1"
  },
  {
    "name": "deployment3",
    "status": "Updating",
    "image": "Hello-world2",
    "updated_time": "2020-07-16 21:45:36",
    "cluster": "cluster1"
  },
  {
    "name": "deployment4",
    "status": "Stopped",
    "image": "Hello-world",
    "updated_time": "2020-07-16 21:45:36",
    "cluster": "cluster1"
  },
  {
    "name": "deployment5",
    "status": "Stopped",
    "image": "Hello-world2",
    "updated_time": "2020-07-16 21:45:36",
    "cluster": "cluster1"
  },
  {
    "name": "deployment6",
    "status": "Running",
    "image": "Hello-world",
    "updated_time": "2020-07-16 21:45:36",
    "cluster": "cluster1"
  },
  {
    "name": "deployment7",
    "status": "Updating",
    "image": "Hello-world",
    "updated_time": "2020-07-16 21:45:36",
    "cluster": "cluster1"
  },
  {
    "name": "deployment8",
    "status": "Running",
    "image": "Hello-world2",
    "updated_time": "2020-07-16 21:45:36",
    "cluster": "cluster1"
  },
  {
    "name": "deployment9",
    "status": "Running",
    "image": "Hello-world",
    "updated_time": "2020-07-16 21:45:36",
    "cluster": "cluster1"
  },
  {
    "name": "deployment10",
    "status": "Running",
    "image": "Hello-world",
    "updated_time": "2020-07-16 21:45:36",
    "cluster": "cluster1"
  },
  {
    "name": "deployment11",
    "status": "Running",
    "image": "Hello-world",
    "updated_time": "2020-07-16 21:45:36",
    "cluster": "cluster1"
  }
]
