[
  {
    "name": "volume1",
    "namespace": "Ns1",
    "status": "Bound",
    "capacity":"5.6 / 10GB",
    "mount": "Mounted",
    "created_time": "2020-07-16 21:45:36"
  },
  {
    "name": "volume1",
    "namespace": "Ns1",
    "status": "Available",
    "capacity":"5.6 / 10GB",
    "mount": "Mounted",
    "created_time": "2020-07-16 21:45:36"
  },
  {
    "name": "volume2",
    "namespace": "Ns2",
    "status": "Pending",
    "capacity":"5.6 / 10GB",
    "mount": "Mounted",
    "created_time": "2020-07-16 21:45:36"
  },
  {
    "name": "volume2",
    "namespace": "Ns2",
    "status": "Available",
    "capacity":"5.6 / 10GB",
    "mount": "Mounted",
    "created_time": "2020-07-16 21:45:36"
  },
  {
    "name": "volume2",
    "namespace": "Ns2",
    "status": "Available",
    "capacity":"5.6 / 10GB",
    "mount": "Mounted",
    "created_time": "2020-07-16 21:45:36"
  },
  {
    "name": "volume3",
    "namespace": "Ns3",
    "status": "Available",
    "capacity":"5.6 / 10GB",
    "mount": "Mounted",
    "created_time": "2020-07-16 21:45:36"
  },
  {
    "name": "volume3",
    "namespace": "Ns3",
    "status": "Pending",
    "capacity":"5.6 / 10GB",
    "mount": "Mounted",
    "created_time": "2020-07-16 21:45:36"
  },
  {
    "name": "volume4",
    "namespace": "Ns4",
    "status": "Bound",
    "capacity":"5.6 / 10GB",
    "mount": "Mounted",
    "created_time": "2020-07-16 21:45:36"
  },
  {
    "name": "volume5",
    "namespace": "Ns5",
    "status": "Bound",
    "capacity":"5.6 / 10GB",
    "mount": "Mounted",
    "created_time": "2020-07-16 21:45:36"
  },
  {
    "name": "volume1",
    "namespace": "Ns1",
    "status": "Bound",
    "capacity":"5.6 / 10GB",
    "mount": "Mounted",
    "created_time": "2020-07-16 21:45:36"
  },
  {
    "name": "volume1",
    "namespace": "Ns1",
    "status": "Bound",
    "capacity":"5.6 / 10GB",
    "mount": "Mounted",
    "created_time": "2020-07-16 21:45:36"
  },
  {
    "name": "volume1",
    "namespace": "Ns1",
    "status": "Bound",
    "capacity":"5.6 / 10GB",
    "mount": "Mounted",
    "created_time": "2020-07-16 21:45:36"
  }
]
