[
  {
    "name": "project1",
    "status": "Healthy",
    "createor": "Admin",
    "created_time": "2020-07-16 21:45:36",
    "extradata": "scshin"
  },
  {
    "name": "project2",
    "status": "Unhealthy",
    "createor": "PM1",
    "created_time": "2020-07-16 21:45:36",
    "extradata": "scshin"
  },
  {
    "name": "project3",
    "status": "Healthy",
    "createor": "Admin",
    "created_time": "2020-07-16 21:45:36",
    "extradata": "scshin"
  },
  {
    "name": "project4",
    "status": "Healthy",
    "createor": "PM1",
    "created_time": "2020-07-16 21:45:36",
    "extradata": "scshin"
  },
  {
    "name": "project5",
    "status": "Healthy",
    "createor": "Admin",
    "created_time": "2020-07-16 21:45:36",
    "extradata": "scshin"
  },
  {
    "name": "project6",
    "status": "Unhealthy",
    "createor": "PM1",
    "created_time": "2020-07-16 21:45:36",
    "extradata": "scshin"
  },
  {
    "name": "project7",
    "status": "Healthy",
    "createor": "PM1",
    "created_time": "2020-07-16 21:45:36",
    "extradata": "scshin"
  },
  {
    "name": "project8",
    "status": "Healthy",
    "createor": "Admin",
    "created_time": "2020-07-16 21:45:36",
    "extradata": "scshin"
  },
  {
    "name": "project9",
    "status": "Healthy",
    "createor": "PM2",
    "created_time": "2020-07-16 21:45:36",
    "extradata": "scshin"
  },
  {
    "name": "project10",
    "status": "Healthy",
    "createor": "Admin",
    "created_time": "2020-07-16 21:45:36",
    "extradata": "scshin"
  },
  {
    "name": "project11",
    "status": "Unhealthy",
    "createor": "PM2",
    "created_time": "2020-07-16 21:45:36",
    "extradata": "scshin"
  },
  {
    "name": "project12",
    "status": "Healthy",
    "createor": "Admin",
    "created_time": "2020-07-16 21:45:36",
    "extradata": "scshin"
  }
]
