{
  "basic_info": {
    "name": "pod1",
    "project" : "pr1",
    "type": "Cluster IP",
    "selector" : "app=hello,tire=backend",
    "dns" : "apiserver.system",
    "access_type" : "Cluster IP",
    "published_ip_addresses" : "false",
    "namespace": "pr1-space",
    "cluster_ip" : "192.168.135.150",
    "external_ip" : "192.168.0.108",
    "endpoints": "10.244.0.29:9090",
    "created_time" : "2020-07-16 19:20:58"
  },
  "workloads": [
    {
      "name": "hello-c-1-96d766647-wwh6w|init container",
      "status": "Running",
      "type": "Deployments"
    },
    {
      "name": "hello-c-1-96d766647-wwh6w|init container",
      "status": "Terminated",
      "type": "Statefulsets"
    },
    {
      "name": "hello-c-1-96d766647-wwh6w|init container",
      "status": "Terminated",
      "type": "Deployments"
    }
  ],
  "pods": [
    {
      "name": "pod1",
      "cluster": "Cluster1",
      "nodes": "Worker1",
      "pod_ip": "10.244.0.29",
      "cpu": "5m",
      "memory": "18.67.MiB"
    },
    {
      "name": "pod2",
      "cluster": "Cluster1",
      "nodes": "Worker2",
      "pod_ip": "10.244.0.29",
      "cpu": "4m",
      "memory": "18.67.MiB"
    },
    {
      "name": "pod3",
      "cluster": "Cluster1",
      "nodes": "Worker3",
      "pod_ip": "10.244.0.29",
      "cpu": "3m",
      "memory": "18.67.MiB"
    },
    {
      "name": "pod4",
      "cluster": "Cluster1",
      "nodes": "Worker4",
      "pod_ip": "10.244.0.29",
      "cpu": "5m",
      "memory": "18.67.MiB"
    }
  ],
  "events": [
    {
      "status": "Warning",
      "reason":"Back-off",
      "message" : "Back-off restarting failed container",
      "time" : "2020-11-03 12:18:45"
    },
    {
      "status": "Warning",
      "reason":"Back-off",
      "message" : "Back-off restarting failed container",
      "time" : "2020-11-03 12:18:45"
    },
    {
      "status": "Warning",
      "reason":"Back-off",
      "message" : "Back-off restarting failed container",
      "time" : "2020-11-03 12:18:45"
    },
    {
      "status": "Warning",
      "reason":"Back-off",
      "message" : "Back-off restarting failed container",
      "time" : "2020-11-03 12:18:45"
    },
    {
      "status": "Warning",
      "reason":"Back-off",
      "message" : "Back-off restarting failed container",
      "time" : "2020-11-03 12:18:45"
    },
    {
      "status": "Warning",
      "reason":"Back-off",
      "message" : "Back-off restarting failed container",
      "time" : "2020-11-03 12:18:45"
    },
    {
      "status": "Warning",
      "reason":"Back-off",
      "message" : "Back-off restarting failed container",
      "time" : "2020-11-03 12:18:45"
    },
    {
      "status": "Warning",
      "reason":"Back-off",
      "message" : "Back-off restarting failed container",
      "time" : "2020-11-03 12:18:45"
    },
    {
      "status": "Warning",
      "reason":"Back-off",
      "message" : "Back-off restarting failed container",
      "time" : "2020-11-03 12:18:45"
    }
  ]
}
