[
  {
    "namespace": "Ns1",
    "name": "ingress1",
    "address": "192.168.0.231",
    "created_time": "2020-08-12 19:14:18"
  },
  {
    "namespace": "Ns2",
    "name": "ingress2",
    "address": "192.168.0.231",
    "created_time": "2020-08-12 19:14:18"
  },
  {
    "namespace": "Ns2",
    "name": "ingress3",
    "address": "192.168.0.231",
    "created_time": "2020-08-12 19:14:18"
  },
  {
    "namespace": "Ns3",
    "name": "ingress5",
    "address": "192.168.0.231",
    "created_time": "2020-08-12 19:14:18"
  },
  {
    "namespace": "Ns3",
    "name": "ingress6",
    "address": "192.168.0.231",
    "created_time": "2020-08-12 19:14:18"
  },
  {
    "namespace": "Ns3",
    "name": "ingress7",
    "address": "192.168.0.231",
    "created_time": "2020-08-12 19:14:18"
  }
]
