[
  {
    "name": "mysql-pv-volume",
    "namespace": "webproject",
    "status": "Bound",
    "capacity":"20Gi",
    "mount": "Mounted",
    "created_time": "2020-11-18T03:35:21Z"
  },
  {
    "name": "vol1",
    "namespace": "webproject",
    "status": "Available",
    "capacity":"10GB",
    "mount": "",
    "created_time": "2020-10-05T10:51:00Z"
  },
  {
    "name": "vol2",
    "namespace": "webproject",
    "status": "Bound",
    "capacity":"10GB",
    "mount": "Mounted",
    "created_time": "2020-10-05T10:51:00Z"
  },
  {
    "name": "vol3",
    "namespace": "webproject",
    "status": "Bound",
    "capacity":"10GB",
    "mount": "Mounted",
    "created_time": "2020-10-05T10:51:00Z"
  }
]
