{
  "basic_info": {
    "name": "mysql-pv-volume",
    "project" : "webproject",
    "status": "Bound",
    "access_mode" : "ReadWriteOnce",
    "namespace" : "webproject",
    "available" : "19Gi",
    "capacity" : "20Gi",
    "strage_class": "my-nfs-storage",
    "created_time" : "2020-11-18T03:35:21Z"
  },
  "mounted_by": [
    {
      "name": "mysql-c85f7f79c-94gh5",
      "cluster": "cluster1",
      "node": "cluster1-worker1.dev.gmd.life",
      "pod_ip": "10.244.2.162",
      "cpu": "16m",
      "memory": "469Mi"
    }
  ],
  "events": [
    {
      "status": "Normal",
      "reason":"WaitForFirstConsumer",
      "message" : "waiting for first consumer to be created before binding",
      "time" : "2020-11-18T03:35:21Z"
    }

  ]
}
