{
  "basic_info": {
    "name" : "kube-flannel-cfg",
    "namespace": "pr1-space",
    "created_time" : "2020-10-05T10:32:53Z"
  },
  "data": [
    {
      "key": "cni-conf.json",
      "value": "{\n  \"name\": \"cbr0\",\n  \"cniVersion\": \"0.3.1\",\n  \"plugins\": [\n    {\n      \"type\": \"flannel\",\n      \"delegate\": {\n        \"hairpinMode\": true,\n        \"isDefaultGateway\": true\n      }\n    },\n    {\n      \"type\": \"portmap\",\n      \"capabilities\": {\n        \"portMappings\": true\n      }\n    }\n  ]\n}\n"
    },
    {
      "key": "net-conf.json",
      "value": "{\n  \"Network\": \"10.244.0.0/16\",\n  \"Backend\": {\n    \"Type\": \"vxlan\"\n  }\n}\n"
    }
  ]
}
