{
  "basic_info": {
    "name": "mysqld-57ffcdd985-hvx4g",
    "cluster": "cluster2",
    "project  ": "mpr",
    "status": "CrashLoopBackOff",
    "node": "cluster2-worker1.dev.gmd.life",
    "total_restart_count": "13",
    "namespace": "mpr",
    "pod_ip": "10.244.1.139",
    "node_ip": "192.168.0.151",
    "created_time": "2020-11-17T03:03:39Z",
    "resources" : {
      "cpu_min":"130m",
      "cpu_max":"1200m",
      "memory_min":"90Mi",
      "memory_max":"220Mi"
    }
  },
  "containers": [
    {
      "name": "container-n7wyxp",
      "status": "running",
      "restart_count": 13,
      "port": "3306",
      "image": "mysql"
    }
  ],
  "pod_status": [
    {
      "type": "ContainersReady",
      "status": "False",
      "last_update": "2020-11-17T03:15:17Z",
      "reson": "ContainersNotReady",
      "message": "containers with unready status: [container-n7wyxp]"
    },
    {
      "type": "Initialized",
      "status": "True",
      "last_update": "2020-11-17T03:15:17Z",
      "reson": "",
      "message": ""
    },{
      "type": "PodScheduled",
      "status": "True",
      "last_update": "2020-11-17T03:15:17Z",
      "reson": "",
      "message": ""
    },{
      "type": "Ready",
      "status": "False",
      "last_update": "2020-11-17T03:15:17Z",
      "reson": "ContainersNotReady",
      "message": "containers with unready status: [container-n7wyxp]"
    }
  ],
  "physical_resources": {
    "cpu":[
      {
        "cpu":6.1,
        "time":"12:01:45"
      },
      {
        "cpu":6.2,
        "time":"12:02:45"
      },
      {
        "cpu":6.5,
        "time":"12:03:45"
      },
      {
        "cpu":6.5,
        "time":"12:04:45"
      },
      {
        "cpu":7.2,
        "time":"12:05:45"
      },
      {
        "cpu":8.5,
        "time":"12:06:45"
      },
      {
        "cpu":10.1,
        "time":"12:07:45"
      },
      {
        "cpu":16.2,
        "time":"12:08:45"
      },
      {
        "cpu":17.2,
        "time":"12:09:45"
      },
      {
        "cpu":18.2,
        "time":"12:10:45"
      }
    ],
    "memory":[
      {
        "memory":386.2,
        "time":"12:01:45"
      },
      {
        "memory":386.2,
        "time":"12:02:45"
      },
      {
        "memory":386.2,
        "time":"12:03:45"
      },
      {
        "memory":386.2,
        "time":"12:04:45"
      },
      {
        "memory":386.2,
        "time":"12:05:45"
      },
      {
        "memory":386.2,
        "time":"12:06:45"
      },
      {
        "memory":386.2,
        "time":"12:07:45"
      },
      {
        "memory":386.2,
        "time":"12:08:45"
      },
      {
        "memory":386.2,
        "time":"12:09:45"
      },
      {
        "memory":386.2,
        "time":"12:10:45"
      }
    ],
    "network" : [
      {
        "unit":"Bps",
        "in":12.66,
        "out":24.76,
        "time":"12:01:45"
      },
      {
        "unit":"Bps",
        "in":34.66,
        "out":20.76,
        "time":"12:01:45"
      },
      {
        "unit":"Bps",
        "in":78.66,
        "out":50.76,
        "time":"12:01:45"
      },
      {
        "unit":"Bps",
        "in":65.66,
        "out":60.76,
        "time":"12:01:45"
      },
      {
        "unit":"Bps",
        "in":63.66,
        "out":60.76,
        "time":"12:01:45"
      },
      {
        "unit":"Bps",
        "in":11.66,
        "out":30.76,
        "time":"12:01:45"
      },
      {
        "unit":"Bps",
        "in":35.66,
        "out":45.76,
        "time":"12:01:45"
      },
      {
        "unit":"Bps",
        "in":34.66,
        "out":76.76,
        "time":"12:01:45"
      },
      {
        "unit":"Bps",
        "in":42.66,
        "out":34.76,
        "time":"12:01:45"
      },
      {
        "unit":"Bps",
        "in":32.66,
        "out":40.76,
        "time":"12:01:45"
      },
      {
        "unit":"Bps",
        "in":21.66,
        "out":53.76,
        "time":"12:01:45"
      }
    ]
  },
  "events": [
    {
      "status": "Normal",
      "reason":"Scheduled",
      "message" : "Successfully assigned mpr/mysql2-6d44f7b776-dc28j to cluster2-worker1.dev.gmd.life",
      "time" : "2020-11-17T03:16:00Z"
    },
    {
      "status": "Normal",
      "reason":"Pulling",
      "message" : "Pulling image 'mysql'",
      "time" : "2020-11-17T03:16:00Z"
    },
    {
      "status": "Normal",
      "reason":"Pulled",
      "message" : "Successfully pulled image 'mysql'",
      "time" : "2020-11-17T03:17:00Z"
    },
    {
      "status": "Normal",
      "reason":"Created",
      "message" : "Created container container-n7wyxp",
      "time" : "2020-11-17T03:17:00Z"
    },
    {
      "status": "Normal",
      "reason":"Started",
      "message" : "Started container container-n7wyxp",
      "time" : "2020-11-17T03:17:00Z"
    },
    {
      "status": "Warning",
      "reason":"Back-off",
      "message" : "Back-off restarting failed container",
      "time" : "2020-11-17T03:25:00Z"
    }
  ]
}
