{
  "basic_info": {
    "name": "webproject",
    "cluster": "cluster1",
    "status" : "Active"
    "description": "project1 namespace"
    "UID" : "f5ce7009-1516-40be-9df3-99529e9ff54d"
    "created_time" : "2020-11-18T03:04:20Z"
    "labels": {
     "kubefed.io/managed": "true",
    }
  },

  "project_resource": [
    {
      "resource": "Pods",
      "total": 7,
      "abnormal": 0
    },
    {
      "resource": "Deployments",
      "total": 2,
      "abnormal": 0
    },
    {
      "resource": "StatefulSets",
      "total": 0,
      "abnormal": 0
    },
    {
      "resource": "DaemonSets",
      "total": 0,
      "abnormal": 0
    },
    {
      "resource": "Jobs",
      "total": 0,
      "abnormal": 0
    }
  ],

  "usage_top5": {
    "cpu": [
      {
        "name": "mysql",
        "type": "Deployment",
        "usage": "12m"
      },
      {
        "name": "nginx-deploy",
        "type": "Deployment",
        "usage": "10m"
      }
    ],
    "memory": [
      {
        "name": "mysql",
        "type": "Deployment",
        "usage": "469Mi"
      },
      {
        "name": "nginx-deploy",
        "type": "Deployment",
        "usage": "21Mi"
      }
    ]
  },

  "physical_resources": {
    "cpu":[
      {
        "cpu":6.1,
        "time":"12:01:45"
      },
      {
        "cpu":6.2,
        "time":"12:02:45"
      },
      {
        "cpu":6.5,
        "time":"12:03:45"
      },
      {
        "cpu":6.5,
        "time":"12:04:45"
      },
      {
        "cpu":7.2,
        "time":"12:05:45"
      },
      {
        "cpu":8.5,
        "time":"12:06:45"
      },
      {
        "cpu":10.1,
        "time":"12:07:45"
      },
      {
        "cpu":16.2,
        "time":"12:08:45"
      },
      {
        "cpu":18.2,
        "time":"12:09:45"
      },
      {
        "cpu":22.2,
        "time":"12:10:45"
      }
    ],
    "memory":[
      {
        "memory":386.2,
        "time":"12:01:45"
      },
      {
        "memory":386.2,
        "time":"12:02:45"
      },
      {
        "memory":386.2,
        "time":"12:03:45"
      },
      {
        "memory":386.2,
        "time":"12:04:45"
      },
      {
        "memory":490,
        "time":"12:05:45"
      },
      {
        "memory":490,
        "time":"12:06:45"
      },
      {
        "memory":490,
        "time":"12:07:45"
      },
      {
        "memory":490,
        "time":"12:08:45"
      },
      {
        "memory":490,
        "time":"12:09:45"
      },
      {
        "memory":490,
        "time":"12:10:45"
      }
    ],
    "network" : [
      {
        "unit":"Bps",
        "in":12.66,
        "out":24.76,
        "time":"12:01:45"
      },
      {
        "unit":"Bps",
        "in":34.66,
        "out":20.76,
        "time":"12:02:45"
      },
      {
        "unit":"Bps",
        "in":78.66,
        "out":50.76,
        "time":"12:03:45"
      },
      {
        "unit":"Bps",
        "in":65.66,
        "out":60.76,
        "time":"12:04:45"
      },
      {
        "unit":"Bps",
        "in":63.66,
        "out":60.76,
        "time":"12:05:45"
      },
      {
        "unit":"Bps",
        "in":11.66,
        "out":30.76,
        "time":"12:06:45"
      },
      {
        "unit":"Bps",
        "in":35.66,
        "out":45.76,
        "time":"12:07:45"
      },
      {
        "unit":"Bps",
        "in":34.66,
        "out":76.76,
        "time":"12:08:45"
      },
      {
        "unit":"Bps",
        "in":42.66,
        "out":34.76,
        "time":"12:09:45"
      },
      {
        "unit":"Bps",
        "in":32.66,
        "out":40.76,
        "time":"12:10:45"
      },
      {
        "unit":"Bps",
        "in":21.66,
        "out":53.76,
        "time":"12:11:45"
      }
    ]
  }
}
